City_ID,City,Lat,Lng,Max Temp,Humidity,Cloudiness,Wind Speed,Country,Date
0,Port Elizabeth,-33.918,25.5701,62.6,88,0,6.91,ZA,2021-04-23 22:45:59
1,Khani,41.9563,42.9566,57.2,47,0,10.36,GE,2021-04-23 22:47:33
2,Lebu,-37.6167,-73.65,53.83,92,26,7.29,CL,2021-04-23 22:46:01
3,Lorengau,-2.0226,147.2712,81.63,77,94,3.69,PG,2021-04-23 22:47:33
4,Arraial Do Cabo,-22.9661,-42.0278,74.88,77,13,15.41,BR,2021-04-23 22:43:26
5,Mahina,-17.5065,-149.489,87.8,58,75,11.5,PF,2021-04-23 22:47:34
6,Qaanaaq,77.484,-69.3632,19.83,84,100,4.74,GL,2021-04-23 22:46:53
7,San Patricio,28.017,-97.5169,86.0,70,1,25.32,US,2021-04-23 22:47:35
8,Talnakh,69.4865,88.3972,31.51,97,100,10.71,RU,2021-04-23 22:42:57
9,Carnarvon,-24.8667,113.6333,62.6,72,0,6.91,AU,2021-04-23 22:47:06
10,Makubetsu,45.3714,141.8211,47.16,83,82,20.69,JP,2021-04-23 22:47:36
11,Nabire,-3.3667,135.4833,79.48,84,72,2.08,ID,2021-04-23 22:47:36
12,Saskylakh,71.9167,114.0833,33.69,97,100,20.11,RU,2021-04-23 22:46:52
13,Hobart,-42.8794,147.3294,51.8,76,75,5.75,AU,2021-04-23 22:45:02
14,Bluff,-46.6,168.3333,50.0,94,85,15.61,NZ,2021-04-23 22:46:29
15,Hilo,19.7297,-155.09,80.6,61,75,13.8,US,2021-04-23 22:46:04
16,Kalabo,-14.97,22.6814,68.47,49,34,3.71,ZM,2021-04-23 22:47:37
17,Caudebec-Les-Elbeuf,49.2808,1.022,50.0,57,0,9.22,FR,2021-04-23 22:47:38
18,Provideniya,64.3833,-173.3,40.98,54,78,4.45,RU,2021-04-23 22:46:20
19,Busselton,-33.65,115.3333,60.01,76,96,1.99,AU,2021-04-23 22:46:16
20,Half Moon Bay,37.4636,-122.4286,64.4,87,90,5.75,US,2021-04-23 22:47:39
21,Rikitea,-23.1203,-134.9692,78.75,68,100,17.11,PF,2021-04-23 22:45:54
22,Waipawa,-41.4122,175.5153,66.2,63,11,10.36,NZ,2021-04-23 22:47:39
23,Port Alfred,-33.5906,26.891,66.45,72,0,21.5,ZA,2021-04-23 22:46:09
24,Ilulissat,69.2167,-51.1,35.6,64,100,5.75,GL,2021-04-23 22:45:55
25,Hermanus,-34.4187,19.2345,57.0,87,90,4.79,ZA,2021-04-23 22:46:08
26,Khatanga,71.9667,102.5,32.85,97,100,20.4,RU,2021-04-23 22:42:25
27,Coihaique,-45.5752,-72.0662,50.0,66,75,3.44,CL,2021-04-23 22:47:40
28,Havre-Saint-Pierre,50.2334,-63.5986,35.6,87,75,2.3,CA,2021-04-23 22:47:41
29,Kapaa,22.0752,-159.319,80.6,61,20,13.8,US,2021-04-23 22:45:55
30,Tuatapere,-46.1333,167.6833,50.0,94,99,2.3,NZ,2021-04-23 22:42:15
31,Rock Sound,24.9,-76.2,76.24,72,47,17.74,BS,2021-04-23 22:47:41
32,Albany,42.6001,-73.9662,57.99,33,20,21.85,US,2021-04-23 22:45:05
33,Sitka,57.0531,-135.33,60.8,18,20,11.5,US,2021-04-23 22:47:42
34,Bredasdorp,-34.5322,20.0403,46.4,93,92,1.14,ZA,2021-04-23 22:46:06
35,Puerto Ayora,-0.7393,-90.3518,84.2,74,20,18.41,EC,2021-04-23 22:46:13
36,Punta Arenas,-53.15,-70.9167,46.4,87,75,4.61,CL,2021-04-23 22:42:22
37,Dunedin,-45.8742,170.5036,54.0,89,73,3.0,NZ,2021-04-23 22:47:09
38,Mar Del Plata,-38.0023,-57.5575,69.8,78,0,6.91,AR,2021-04-23 22:46:30
39,Bubaque,11.2833,-15.8333,78.15,71,2,17.07,GW,2021-04-23 22:47:43
40,Brandenburg,52.4167,12.55,42.01,59,69,7.49,DE,2021-04-23 22:47:43
41,Ushuaia,-54.8,-68.3,42.8,87,75,4.61,AR,2021-04-23 22:45:58
42,Nikolskoye,59.7035,30.7861,36.0,80,75,4.47,RU,2021-04-23 22:46:03
43,Jamestown,42.097,-79.2353,53.6,35,1,11.5,US,2021-04-23 22:46:05
44,Itarema,-2.9248,-39.9167,79.65,80,51,11.52,BR,2021-04-23 22:46:19
45,Cidreira,-30.1811,-50.2056,70.57,78,2,17.76,BR,2021-04-23 22:46:56
46,Georgetown,5.4112,100.3354,79.0,94,40,5.75,MY,2021-04-23 22:44:24
47,Platteville,42.7342,-90.4785,55.4,58,90,11.5,US,2021-04-23 22:47:45
48,Severo-Kurilsk,50.6789,156.125,36.63,90,96,7.87,RU,2021-04-23 22:47:39
49,Bethel,41.3712,-73.414,62.6,19,1,14.97,US,2021-04-23 22:46:16
50,Russell,32.3502,-85.1999,73.4,31,75,6.91,US,2021-04-23 22:46:50
51,Hanmer Springs,-42.5167,172.8167,59.29,51,54,4.94,NZ,2021-04-23 22:47:46
52,Fayetteville,35.0527,-78.8784,68.0,26,90,6.91,US,2021-04-23 22:43:06
53,Constitucion,-35.3333,-72.4167,56.01,77,0,10.4,CL,2021-04-23 22:46:47
54,Fortuna,40.5982,-124.1573,59.0,67,1,11.5,US,2021-04-23 22:47:08
55,Iqaluit,63.7506,-68.5145,28.4,93,90,3.44,CA,2021-04-23 22:47:47
56,General Delgado,-27.1667,-56.5167,78.8,61,0,5.75,PY,2021-04-23 22:47:47
57,Lanigan,51.8501,-105.0344,37.4,20,100,10.36,CA,2021-04-23 22:47:47
58,Tongliao,43.6125,122.2653,49.23,52,100,13.42,CN,2021-04-23 22:47:48
59,Barrow,71.2906,-156.7887,26.6,68,1,5.44,US,2021-04-23 22:46:22
60,Luderitz,-26.6481,15.1594,63.81,77,44,8.61,NA,2021-04-23 22:47:21
61,Hasaki,35.7333,140.8333,55.0,71,20,8.05,JP,2021-04-23 22:47:42
62,Hithadhoo,-0.6,73.0833,81.95,73,8,7.85,MV,2021-04-23 22:46:24
63,Puerto Penasco,31.3167,-113.5333,69.01,75,0,8.99,MX,2021-04-23 22:47:47
64,Chaoyang,41.5703,120.4586,53.91,79,94,8.81,CN,2021-04-23 22:47:49
65,Necochea,-38.5473,-58.7368,62.01,95,100,4.25,AR,2021-04-23 22:47:49
66,Saint-Augustin,51.226,-58.6502,32.22,96,100,14.7,CA,2021-04-23 22:46:46
67,Vostok,46.4856,135.8833,37.08,96,100,3.87,RU,2021-04-23 22:46:48
68,Long Beach,33.767,-118.1892,66.2,59,90,10.36,US,2021-04-23 22:44:47
69,Dikson,73.5069,80.5464,32.13,97,100,17.36,RU,2021-04-23 22:47:06
70,Mahebourg,-20.4081,57.7,78.8,78,40,9.22,MU,2021-04-23 22:47:01
71,Gornorechenskiy,44.2624,135.1133,58.84,65,100,8.81,RU,2021-04-23 22:47:51
72,Serik,36.9169,31.0989,59.0,72,0,4.61,TR,2021-04-23 22:47:51
73,Vanavara,60.34,102.2797,31.24,90,100,1.07,RU,2021-04-23 22:46:38
74,Bandarbeyla,9.4942,50.8122,82.71,74,94,5.57,SO,2021-04-23 22:47:52
75,Yellowknife,62.456,-114.3525,16.0,53,75,13.8,CA,2021-04-23 22:43:07
76,Tasiilaq,65.6145,-37.6368,35.6,60,75,4.61,GL,2021-04-23 22:46:09
77,Sisimiut,66.9395,-53.6735,33.75,71,100,1.12,GL,2021-04-23 22:47:52
78,Zlynka,52.4267,31.7378,37.4,81,0,11.18,RU,2021-04-23 22:47:53
79,College,64.8569,-147.8028,57.2,30,20,9.22,US,2021-04-23 22:42:49
80,Jeremie,18.65,-74.1167,79.03,78,36,4.72,HT,2021-04-23 22:47:54
81,Norman Wells,65.282,-126.8329,33.8,32,75,13.8,CA,2021-04-23 22:47:21
82,Salaga,8.5508,-0.5188,84.83,46,100,5.88,GH,2021-04-23 22:47:54
83,Taoudenni,22.6783,-3.9836,89.47,6,0,9.57,ML,2021-04-23 22:44:34
84,Businga,3.3333,20.8833,66.33,98,100,2.33,CD,2021-04-23 22:47:55
85,Cape Town,-33.9258,18.4232,59.0,82,0,8.05,ZA,2021-04-23 22:46:00
86,Port Lincoln,-34.7333,135.8667,61.18,69,80,5.91,AU,2021-04-23 22:47:55
87,Keflavik,64.0049,-22.5624,48.2,93,75,11.5,IS,2021-04-23 22:47:56
88,Makanya,-4.3667,37.8333,69.06,90,25,4.76,TZ,2021-04-23 22:47:57
89,Chokurdakh,70.6333,147.9167,3.4,86,58,1.21,RU,2021-04-23 22:47:08
90,Aklavik,68.2191,-135.0107,37.4,48,75,3.44,CA,2021-04-23 22:47:58
91,Phan Thiet,10.9333,108.1,77.07,83,78,5.14,VN,2021-04-23 22:47:43
92,Mujiayingzi,42.1167,118.7833,49.15,77,100,7.05,CN,2021-04-23 22:44:28
93,Kozyatyn,49.7143,28.8339,35.17,80,43,8.72,UA,2021-04-23 22:47:59
94,East London,-33.0153,27.9116,63.88,76,8,9.22,ZA,2021-04-23 22:47:05
95,Chekmagush,55.1319,54.6556,44.31,93,100,10.29,RU,2021-04-23 22:48:00
96,San Quintin,30.4833,-115.95,62.33,66,11,18.68,MX,2021-04-23 22:43:37
97,Pevek,69.7008,170.3133,15.24,87,45,1.63,RU,2021-04-23 22:43:06
98,Paamiut,61.994,-49.6678,32.23,76,1,2.55,GL,2021-04-23 22:48:01
99,Aksarayskiy,46.7924,48.0119,46.4,81,0,6.71,RU,2021-04-23 22:48:01
100,Yarada,17.65,83.2667,75.2,94,40,2.3,IN,2021-04-23 22:48:02
101,Ribeira Grande,38.5167,-28.7,57.2,82,40,27.63,PT,2021-04-23 22:43:06
102,Zhigansk,66.7697,123.3711,14.4,85,64,3.83,RU,2021-04-23 22:48:02
103,Barlinek,52.9946,15.2186,41.0,81,46,7.02,PL,2021-04-23 22:48:03
104,Mataura,-46.1927,168.8643,50.0,94,72,1.03,NZ,2021-04-23 22:46:11
105,Bismarck,46.8083,-100.7837,41.0,38,90,13.8,US,2021-04-23 22:44:02
106,Saint-Philippe,-21.3585,55.7679,77.0,83,75,16.11,RE,2021-04-23 22:46:32
107,Kenai,60.5544,-151.2583,53.6,37,1,8.05,US,2021-04-23 22:48:04
108,Chulym,55.0997,80.9572,31.3,87,6,5.73,RU,2021-04-23 22:48:04
109,Barranca,-10.75,-77.7667,67.21,85,22,8.05,PE,2021-04-23 22:48:05
110,Vestmannaeyjar,63.4427,-20.2734,46.51,87,100,19.86,IS,2021-04-23 22:48:05
111,Mahon,39.8885,4.2658,53.6,87,0,3.44,ES,2021-04-23 22:48:05
112,Clyde River,70.4692,-68.5914,17.6,100,90,3.44,CA,2021-04-23 22:47:44
113,Arlit,18.7369,7.3853,85.78,7,45,10.76,NE,2021-04-23 22:47:39
114,Puerto Colombia,10.9878,-74.9547,82.4,74,0,16.11,CO,2021-04-23 22:48:06
115,Gagino,55.2314,45.0339,45.7,75,43,6.55,RU,2021-04-23 22:48:07
116,Alofi,-19.0595,-169.9187,84.2,74,12,8.05,NU,2021-04-23 22:47:55
117,Alexandria,31.2156,29.9553,62.6,82,0,5.75,EG,2021-04-23 22:47:40
118,Tautira,-17.7333,-149.15,87.8,58,75,11.5,PF,2021-04-23 22:48:07
119,Duartina,-22.4144,-49.4039,75.2,46,0,3.44,BR,2021-04-23 22:48:08
120,Erzincan,39.75,39.5,44.6,57,0,2.95,TR,2021-04-23 22:44:34
121,Gorom-Gorom,14.4439,-0.2361,91.62,7,51,4.9,BF,2021-04-23 22:48:08
122,Vaini,-21.2,-175.2,82.4,83,40,3.44,TO,2021-04-23 22:45:58
123,Port Blair,11.6667,92.75,81.1,70,100,6.82,IN,2021-04-23 22:47:17
124,Sangueya,10.7,-14.3667,77.11,74,7,1.61,GN,2021-04-23 22:48:09
125,Salalah,17.0151,54.0924,82.4,74,40,4.61,OM,2021-04-23 22:47:36
126,Ayorou,14.7308,0.9174,88.81,8,30,6.91,NE,2021-04-23 22:48:10
127,Mattru,7.6244,-11.8332,76.39,92,99,2.44,SL,2021-04-23 22:48:10
128,Alice Springs,-23.7,133.8833,48.2,76,0,10.76,AU,2021-04-23 22:43:21
129,Kavieng,-2.5744,150.7967,80.15,79,100,4.88,PG,2021-04-23 22:43:43
130,Ngunguru,-35.6167,174.5,69.01,73,1,8.99,NZ,2021-04-23 22:48:11
131,Kailua,21.4022,-157.7394,84.2,69,75,12.66,US,2021-04-23 22:46:52
132,Yaan,7.3833,8.5667,76.35,82,100,7.78,NG,2021-04-23 22:48:11
133,Ahipara,-35.1667,173.1667,66.07,63,37,9.57,NZ,2021-04-23 22:44:03
134,Butaritari,3.0707,172.7902,82.15,77,92,9.01,KI,2021-04-23 22:46:31
135,Uige,-7.6087,15.0613,67.86,95,100,1.95,AO,2021-04-23 22:48:12
136,Castro,-24.7911,-50.0119,56.3,74,4,2.51,BR,2021-04-23 22:46:20
137,Chuy,-33.6971,-53.4616,66.69,84,14,13.0,UY,2021-04-23 22:47:07
138,Cockburn Town,21.4612,-71.1419,80.6,69,40,9.22,TC,2021-04-23 22:43:52
139,Hovd,48.0056,91.6419,28.53,44,0,0.54,MN,2021-04-23 22:47:17
140,Kruisfontein,-34.0033,24.7314,60.01,91,5,1.01,ZA,2021-04-23 22:48:13
141,Arteaga,18.4667,-102.4167,83.32,22,65,8.9,MX,2021-04-23 22:46:06
142,Torbay,47.6666,-52.7314,41.0,75,75,19.57,CA,2021-04-23 22:46:10
143,Cervo,43.6702,-7.4101,60.01,87,97,1.01,ES,2021-04-23 22:48:14
144,Tecoanapa,16.5167,-98.75,84.88,59,100,9.84,MX,2021-04-23 22:48:14
145,Polyarnyy,69.1989,33.4478,30.2,93,75,8.95,RU,2021-04-23 22:48:15
146,Grand Gaube,-20.0064,57.6608,78.01,80,99,1.99,MU,2021-04-23 22:46:00
147,Yulara,-25.2406,130.9889,51.8,66,3,5.75,AU,2021-04-23 22:46:41
148,Nome,64.5011,-165.4064,41.0,60,1,6.91,US,2021-04-23 22:48:16
149,Ouadda,8.0777,22.4007,68.34,92,100,3.29,CF,2021-04-23 22:48:16
150,Olafsvik,64.8945,-23.7142,43.66,91,100,12.44,IS,2021-04-23 22:48:16
151,Dudinka,69.4058,86.1778,31.8,98,100,17.54,RU,2021-04-23 22:48:17
152,Puerto Del Rosario,28.5004,-13.8627,69.8,68,20,6.91,ES,2021-04-23 22:48:17
153,Burley,42.5357,-113.7928,62.6,23,1,11.5,US,2021-04-23 22:48:17
154,Bulungu,-4.55,18.6,69.62,98,100,3.44,CD,2021-04-23 22:48:18
155,Katsuura,35.1333,140.3,57.2,58,20,4.61,JP,2021-04-23 22:44:09
156,Lakatoro,-16.0999,167.4164,85.05,69,64,9.84,VU,2021-04-23 22:48:18
157,La Romana,18.4273,-68.9728,82.4,78,20,6.91,DO,2021-04-23 22:48:19
158,Jalu,29.0331,21.5482,76.39,14,0,13.58,LY,2021-04-23 22:47:54
159,Trinidad,-14.8333,-64.9,84.2,84,75,3.44,BO,2021-04-23 22:48:20
160,High Level,58.5169,-117.136,32.0,37,40,13.8,CA,2021-04-23 22:48:04
161,Pringsewu,-5.3582,104.9744,71.47,95,9,4.09,ID,2021-04-23 22:48:20
162,Tura,25.5198,90.2201,71.8,36,53,4.88,IN,2021-04-23 22:48:06
163,Lakes Entrance,-37.8811,147.981,55.99,76,7,1.01,AU,2021-04-23 22:48:21
164,Djambala,-2.5447,14.7533,69.55,92,94,3.74,CG,2021-04-23 22:48:21
165,Ancud,-41.8697,-73.8203,54.0,82,0,6.91,CL,2021-04-23 22:47:03
166,Waddan,29.1614,16.139,76.19,31,19,15.46,LY,2021-04-23 22:48:22
167,Orlik,52.5178,99.825,23.77,92,100,2.68,RU,2021-04-23 22:48:22
168,Mackay,-21.15,149.2,68.0,94,90,11.5,AU,2021-04-23 22:48:22
169,Lasa,46.6166,10.7002,45.0,56,0,5.75,IT,2021-04-23 22:46:59
170,Ndjole,-0.1783,10.7649,74.37,97,99,1.03,GA,2021-04-23 22:48:23
171,Santa Clarita,34.3917,-118.5426,69.01,55,90,11.88,US,2021-04-23 22:47:47
172,Sinnamary,5.3833,-52.95,77.5,88,100,12.26,GF,2021-04-23 22:48:05
173,Tambo,-14.8,-73.9167,38.05,82,12,6.49,PE,2021-04-23 22:48:24
174,Tiksi,71.6872,128.8694,10.0,91,98,7.54,RU,2021-04-23 22:43:58
175,Robertsport,6.7533,-11.3686,81.55,80,76,6.78,LR,2021-04-23 22:48:25
176,Anloga,5.7947,0.8973,84.2,84,20,11.5,GH,2021-04-23 22:48:25
177,Haradok,55.4624,29.9816,31.8,92,20,5.61,BY,2021-04-23 22:48:26
178,Mehamn,71.0357,27.8492,32.72,70,68,13.91,NO,2021-04-23 22:46:39
179,Lompoc,34.6391,-120.4579,60.8,59,0,13.8,US,2021-04-23 22:44:41
180,Caxito,-8.5785,13.6643,77.0,88,75,5.75,AO,2021-04-23 22:48:27
181,Laguna,38.421,-121.4238,79.0,40,1,9.22,US,2021-04-23 22:46:34
182,Male,4.1748,73.5089,84.2,79,75,10.36,MV,2021-04-23 22:48:27
183,Karpogory,64.0019,44.4451,46.8,78,98,9.86,RU,2021-04-23 22:48:27
184,Montego Bay,18.4712,-77.9188,81.0,86,50,4.0,JM,2021-04-23 22:48:28
185,Yeppoon,-23.1333,150.7333,69.8,64,100,8.05,AU,2021-04-23 22:48:28
186,Uyuni,-20.4597,-66.825,47.48,21,1,17.72,BO,2021-04-23 22:48:29
187,New Norfolk,-42.7826,147.0587,51.01,89,97,1.99,AU,2021-04-23 22:42:08
188,La Asuncion,11.0333,-63.8628,84.2,65,8,24.16,VE,2021-04-23 22:48:30
189,Dong Hoi,17.4833,106.6,78.75,81,35,5.26,VN,2021-04-23 22:48:30
190,Altay,47.8667,88.1167,22.23,67,47,2.26,CN,2021-04-23 22:48:30
191,Viedma,-40.8135,-62.9967,61.54,58,36,7.18,AR,2021-04-23 22:48:31
192,Brownsville,25.9018,-97.4975,84.2,65,90,19.57,US,2021-04-23 22:48:31
193,Sur,22.5667,59.5289,85.69,34,0,8.28,OM,2021-04-23 22:44:50
194,Ilhabela,-23.7781,-45.3581,71.42,85,46,4.76,BR,2021-04-23 22:48:32
195,Yar-Sale,66.8333,70.8333,33.82,99,100,9.66,RU,2021-04-23 22:47:09
196,Kahului,20.8947,-156.47,82.4,47,20,24.16,US,2021-04-23 22:46:14
197,Bardiyah,31.7561,25.0865,62.55,66,64,11.05,LY,2021-04-23 22:48:32
198,San Cristobal,7.7669,-72.225,87.8,62,20,10.36,VE,2021-04-23 22:48:33
199,Shimoda,34.6667,138.95,62.01,48,100,1.99,JP,2021-04-23 22:44:30
200,Tvoroyri,61.5556,-6.8111,42.8,100,20,5.75,FO,2021-04-23 22:48:18
201,Eregli,37.5133,34.0467,57.06,29,38,1.74,TR,2021-04-23 22:48:33
202,Avarua,-21.2078,-159.775,84.2,70,20,18.41,CK,2021-04-23 22:46:12
203,Moscow,55.7522,37.6156,42.8,75,90,2.24,RU,2021-04-23 22:47:13
204,Yuksekova,37.5736,44.2872,51.8,50,0,6.91,TR,2021-04-23 22:48:34
205,Aripuana,-9.1667,-60.6333,74.16,96,71,0.47,BR,2021-04-23 22:48:35
206,Tulum,20.2167,-87.4667,86.0,54,40,13.8,MX,2021-04-23 22:47:36
207,Lata,40.1629,-8.3327,60.01,90,98,4.34,PT,2021-04-23 22:47:08
208,Coahuayana,18.7333,-103.6833,86.0,28,1,17.27,MX,2021-04-23 22:44:06
209,Tiznit,29.5833,-9.5,58.78,81,55,5.59,MA,2021-04-23 22:48:35
210,Conceicao Do Araguaia,-8.2578,-49.2647,82.4,74,0,3.44,BR,2021-04-23 22:48:36
211,Pacific Grove,36.6177,-121.9166,60.8,55,75,12.66,US,2021-04-23 22:47:31
212,Netarhat,23.4833,84.2667,67.55,18,40,5.19,IN,2021-04-23 22:48:36
213,Konstantinovka,49.6167,127.9833,39.15,33,2,11.39,RU,2021-04-23 22:48:37
214,Sonoita,31.85,-112.8333,81.0,20,0,1.99,MX,2021-04-23 22:48:37
215,Itaberai,-16.0203,-49.8103,65.64,61,0,2.44,BR,2021-04-23 22:48:37
216,Waingapu,-9.6567,120.2641,76.32,82,0,5.44,ID,2021-04-23 22:47:46
217,Key Largo,25.0865,-80.4473,80.01,63,88,11.01,US,2021-04-23 22:48:38
218,Moen,69.1304,18.6123,30.2,80,90,4.61,NO,2021-04-23 22:48:38
219,Cabo San Lucas,22.8909,-109.9124,84.2,53,20,3.44,MX,2021-04-23 22:44:57
220,Atuona,-9.8,-139.0333,80.29,79,29,22.7,PF,2021-04-23 22:43:12
221,Upernavik,72.7868,-56.1549,29.44,84,100,4.88,GL,2021-04-23 22:46:15
222,Burnie,-41.0667,145.9167,52.0,95,91,8.99,AU,2021-04-23 22:48:39
223,Husavik,66.0449,-17.3389,44.6,81,0,2.3,IS,2021-04-23 22:48:40
224,Khasan,42.4308,130.6434,51.03,66,100,2.64,RU,2021-04-23 22:48:40
225,Letka,59.6011,49.4232,43.18,90,91,5.26,RU,2021-04-23 22:48:40
226,Samarai,-10.6167,150.6667,83.95,74,95,10.69,PG,2021-04-23 22:47:10
227,Esperance,-33.8667,121.9,57.2,88,97,10.36,AU,2021-04-23 22:47:14
228,Aki,33.5,133.9,62.6,77,75,2.3,JP,2021-04-23 22:48:41
229,Bengkulu,-3.8004,102.2655,73.36,89,92,3.51,ID,2021-04-23 22:46:09
230,Ouro Preto Do Oeste,-10.7481,-62.2158,74.66,92,81,2.35,BR,2021-04-23 22:48:42
231,Darnah,32.767,22.6367,65.12,61,66,13.91,LY,2021-04-23 22:48:42
232,Pisco,-13.7,-76.2167,68.0,77,0,9.22,PE,2021-04-23 22:48:42
233,Bang Saphan,11.2126,99.5117,79.18,81,100,5.03,TH,2021-04-23 22:48:43
234,Dingle,10.9995,122.6711,80.08,76,100,4.21,PH,2021-04-23 22:48:43
235,Hofn,64.2539,-15.2082,44.28,78,99,4.36,IS,2021-04-23 22:47:20
236,Praia Da Vitoria,38.7333,-27.0667,57.2,77,40,34.63,PT,2021-04-23 22:44:09
237,Nemuro,43.3236,145.575,40.89,78,100,16.62,JP,2021-04-23 22:48:44
238,Bambous Virieux,-20.3428,57.7575,78.8,78,40,9.22,MU,2021-04-23 22:46:11
239,Meulaboh,4.1363,96.1285,76.87,85,100,3.15,ID,2021-04-23 22:48:45
240,Callaguip,18.0714,120.4867,71.6,94,20,3.44,PH,2021-04-23 22:48:45
241,Zamora,-4.0692,-78.9567,70.99,97,96,0.74,EC,2021-04-23 22:48:45
242,Port Moresby,-9.4431,147.1797,80.6,83,20,3.44,PG,2021-04-23 22:47:48
243,Kaitangata,-46.2817,169.8464,53.01,76,38,3.0,NZ,2021-04-23 22:46:40
244,Boa Vista,2.8197,-60.6733,84.2,70,75,13.8,BR,2021-04-23 22:48:46
245,Uporovo,56.3109,66.2693,42.3,49,100,10.18,RU,2021-04-23 22:48:46
246,Kostomuksha,64.571,30.5767,34.03,99,100,3.94,RU,2021-04-23 22:48:47
247,Krasnoselkup,65.7,82.4667,28.67,89,88,16.46,RU,2021-04-23 22:48:47
248,Airai,-8.9266,125.4092,62.78,80,16,2.53,TL,2021-04-23 22:46:25
249,Sabae,35.9465,136.185,51.8,82,75,1.14,JP,2021-04-23 22:48:48
250,Thompson,55.7435,-97.8558,28.4,50,75,11.5,CA,2021-04-23 22:47:16
251,Kosikha,53.3617,84.5822,28.4,54,0,6.71,RU,2021-04-23 22:48:48
252,Balaipungut,1.05,101.2833,73.4,94,20,2.51,ID,2021-04-23 22:46:45
253,Korla,41.7597,86.1469,43.27,60,37,8.23,CN,2021-04-23 22:47:23
254,Cocorit,27.5833,-109.9667,78.8,25,1,10.36,MX,2021-04-23 22:45:13
255,Saint-Georges,12.0564,-61.7485,82.4,74,20,18.41,GD,2021-04-23 22:47:27
256,Makat,47.6469,53.3463,47.98,82,16,11.5,KZ,2021-04-23 22:48:50
257,Wagar,16.1525,36.2032,87.28,33,88,10.33,SD,2021-04-23 22:48:50
258,Lima,-12.0432,-77.0282,66.99,82,20,9.22,PE,2021-04-23 22:48:32
259,Muros,42.7762,-9.0603,60.01,93,54,1.99,ES,2021-04-23 22:48:50
260,Suntar,62.1444,117.6319,33.55,84,100,9.69,RU,2021-04-23 22:48:51
261,Gat,31.61,34.7642,66.99,100,79,1.99,IL,2021-04-23 22:48:52
262,Makakilo City,21.3469,-158.0858,84.2,48,75,5.75,US,2021-04-23 22:48:52
263,Geraldton,-28.7667,114.6,59.0,77,0,11.5,AU,2021-04-23 22:46:43
264,Broome,42.2506,-75.833,55.4,26,1,17.27,US,2021-04-23 22:46:55
265,Druzhnaya Gorka,59.2761,30.1425,35.6,80,75,4.47,RU,2021-04-23 22:48:53
266,Atocha,-20.9333,-66.2333,47.64,21,0,16.55,BO,2021-04-23 22:48:53
267,Mildura,-34.2,142.15,51.8,76,90,6.91,AU,2021-04-23 22:48:13
268,Haverfordwest,51.8017,-4.9691,52.0,33,47,5.01,GB,2021-04-23 22:48:54
269,Trat,12.5,102.5,80.01,99,79,2.82,TH,2021-04-23 22:48:54
270,Port Hedland,-20.3167,118.5667,64.4,48,0,5.75,AU,2021-04-23 22:46:49
271,Brae,60.3964,-1.353,44.6,87,40,2.3,GB,2021-04-23 22:48:55
272,Riyadh,24.6877,46.7219,80.6,11,0,5.75,SA,2021-04-23 22:48:07
273,Nuuk,64.1835,-51.7216,30.2,100,90,8.05,GL,2021-04-23 22:48:55
274,Gushikawa,26.3544,127.8686,66.2,88,75,13.8,JP,2021-04-23 22:45:11
275,Sioux Lookout,50.1001,-91.917,33.8,55,90,14.97,CA,2021-04-23 22:47:04
276,Acari,-15.4311,-74.6158,70.9,78,30,6.11,PE,2021-04-23 22:48:56
277,Souillac,-20.5167,57.5167,78.8,78,40,9.22,MU,2021-04-23 22:46:43
278,Tiarei,-17.5333,-149.3333,87.8,58,75,11.5,PF,2021-04-23 22:47:52
279,Sola,-13.8833,167.55,83.75,68,85,16.62,VU,2021-04-23 22:47:15
280,Faanui,-16.4833,-151.75,80.17,74,84,10.47,PF,2021-04-23 22:46:14
281,Isangel,-19.55,169.2667,86.0,70,40,5.75,VU,2021-04-23 22:46:58
282,Weligama,5.9667,80.4167,78.24,86,66,6.06,LK,2021-04-23 22:47:02
283,Hami,42.8,93.45,44.26,29,61,9.91,CN,2021-04-23 22:46:35
284,Bontang,0.1333,117.5,76.69,90,80,7.54,ID,2021-04-23 22:48:58
285,Baculin,7.4525,126.5842,81.19,69,100,2.44,PH,2021-04-23 22:48:58
286,Bondowoso,-7.9135,113.8214,71.31,88,11,2.13,ID,2021-04-23 22:48:58
287,Kirakira,-10.4544,161.9205,83.98,71,65,4.81,SB,2021-04-23 22:48:37
288,Kodiak,57.79,-152.4072,39.2,87,90,5.75,US,2021-04-23 22:46:53
289,Chara,56.9064,118.2631,25.54,77,18,3.18,RU,2021-04-23 22:48:59
290,Vila Velha,-20.3297,-40.2925,77.0,69,75,5.75,BR,2021-04-23 22:48:12
291,Smithers,54.7804,-127.1743,57.2,21,20,5.75,CA,2021-04-23 22:48:53
292,Brigantine,39.4101,-74.3646,60.8,27,1,17.27,US,2021-04-23 22:47:51
293,Dire,12.2833,-10.9667,90.99,31,54,3.67,ML,2021-04-23 22:49:00
294,Tempio Pausania,40.8974,9.1035,48.2,93,0,2.3,IT,2021-04-23 22:49:01
295,Caala,-12.8525,15.5606,62.26,73,100,0.38,AO,2021-04-23 22:49:01
296,Yaqui,27.3667,-110.1667,78.8,25,1,10.36,MX,2021-04-23 22:49:01
297,Longyearbyen,78.2186,15.6401,14.0,67,75,13.8,SJ,2021-04-23 22:47:03
298,Bara,10.3744,10.7288,84.2,47,38,6.53,NG,2021-04-23 22:49:02
299,Udachnyy,66.4167,112.4,28.96,83,80,8.19,RU,2021-04-23 22:49:03
300,Parintins,-2.6283,-56.7358,75.54,91,87,0.72,BR,2021-04-23 22:49:03
301,Luwuk,-0.9516,122.7875,79.56,77,100,2.35,ID,2021-04-23 22:48:18
302,Yumen,40.2833,97.2,37.72,84,42,2.24,CN,2021-04-23 22:48:00
303,Mount Barker,-35.0667,138.8667,61.0,92,8,3.42,AU,2021-04-23 22:48:59
304,Caravelas,-17.7125,-39.2481,74.84,83,31,6.04,BR,2021-04-23 22:48:36
305,Severo-Yeniseyskiy,60.3725,93.0408,18.46,97,27,2.04,RU,2021-04-23 22:49:04
306,Lincoln,40.8,-96.667,64.4,42,1,4.79,US,2021-04-23 22:44:13
307,Mandera,3.9366,41.867,80.85,68,91,7.83,KE,2021-04-23 22:49:05
308,Fairbanks,64.8378,-147.7164,57.2,28,1,10.36,US,2021-04-23 22:49:02
309,Evensk,61.95,159.2333,31.75,99,100,9.04,RU,2021-04-23 22:49:05
310,Benghazi,32.1167,20.0667,75.47,32,91,17.69,LY,2021-04-23 22:49:06
311,Tommot,58.9564,126.2925,26.89,80,100,11.34,RU,2021-04-23 22:49:06
312,Krasnyy Chikoy,50.3643,108.7512,35.01,77,79,3.09,RU,2021-04-23 22:49:06
313,Narsaq,60.9167,-46.05,44.6,53,1,6.91,GL,2021-04-23 22:46:54
314,Vitim,59.4511,112.5578,32.49,92,100,5.77,RU,2021-04-23 22:48:22
315,Ilebo,-4.3167,20.5833,70.16,98,100,2.28,CD,2021-04-23 22:49:07
316,Muroto,33.2833,134.15,62.6,77,75,2.3,JP,2021-04-23 22:48:56
317,Tobermory,45.2501,-81.6665,50.0,50,60,10.36,CA,2021-04-23 22:44:10
318,Ponta Do Sol,32.6667,-17.1,60.01,79,58,5.01,PT,2021-04-23 22:46:44
319,Victoria,22.2855,114.1577,78.01,87,25,4.0,HK,2021-04-23 22:43:16
320,Mayo,38.8876,-76.5119,60.8,29,1,8.05,US,2021-04-23 22:49:08
321,Sao Filipe,14.8961,-24.4956,72.57,72,37,11.25,CV,2021-04-23 22:46:38
322,Ponta Delgada,37.7333,-25.6667,59.0,63,75,12.66,PT,2021-04-23 22:49:09
323,Touros,-5.1989,-35.4608,80.6,83,40,5.75,BR,2021-04-23 22:46:33
324,Rexburg,43.826,-111.7897,55.4,28,90,5.75,US,2021-04-23 22:46:46
325,Carmo Do Paranaiba,-19.0008,-46.3161,66.99,67,1,1.28,BR,2021-04-23 22:48:41
326,Joetsu,37.1483,138.2364,53.01,55,100,3.71,JP,2021-04-23 22:49:10
327,Rio Grande,-32.035,-52.0986,69.01,88,7,17.78,BR,2021-04-23 22:49:10
328,Dolinsk,47.35,142.8,37.4,81,40,24.61,RU,2021-04-23 22:49:10
329,Guerrero Negro,27.9769,-114.0611,64.04,62,10,22.1,MX,2021-04-23 22:45:10
330,Saraland,30.8207,-88.0706,73.99,70,96,8.37,US,2021-04-23 22:49:11
331,Niono,14.2526,-5.993,95.52,15,39,2.35,ML,2021-04-23 22:49:11
332,Mindelo,16.8901,-24.9804,71.6,60,20,18.41,CV,2021-04-23 22:49:12
333,Berdigestyakh,62.0989,126.6992,21.83,87,100,9.91,RU,2021-04-23 22:49:12
334,Sistranda,63.7256,8.834,37.4,60,75,18.41,NO,2021-04-23 22:49:13
335,Soe,-9.8607,124.284,67.33,87,9,3.11,ID,2021-04-23 22:46:16
336,Winnemucca,40.973,-117.7357,69.8,10,1,9.22,US,2021-04-23 22:49:14
337,Fallon,39.4735,-118.7774,73.99,13,75,5.75,US,2021-04-23 22:49:14
338,Lagoa,39.05,-27.9833,57.74,78,20,32.3,PT,2021-04-23 22:48:11
339,Lixourion,38.2019,20.4314,61.66,66,100,11.16,GR,2021-04-23 22:49:14
340,Natal,-5.795,-35.2094,80.6,89,20,6.91,BR,2021-04-23 22:47:47
341,Chipinge,-20.1883,32.6236,56.55,90,1,3.8,ZW,2021-04-23 22:49:15
342,Springbok,-29.6643,17.8865,63.73,47,1,0.74,ZA,2021-04-23 22:49:16
343,Menongue,-14.6585,17.691,60.75,56,59,3.06,AO,2021-04-23 22:49:16
344,Ranau,5.9538,116.6641,77.0,94,20,3.44,MY,2021-04-23 22:49:16
345,Hambantota,6.1241,81.1185,78.82,84,54,6.82,LK,2021-04-23 22:48:25
346,Te Anau,-45.4167,167.7167,49.71,79,78,4.09,NZ,2021-04-23 22:42:59
347,Luoyang,34.6836,112.4536,56.08,81,100,8.66,CN,2021-04-23 22:49:17
348,Fray Bentos,-33.1325,-58.2956,72.0,84,99,1.99,UY,2021-04-23 22:49:17
349,Berlevag,70.8578,29.0864,33.03,84,81,13.8,NO,2021-04-23 22:46:05
350,Harper,4.375,-7.7169,81.18,82,98,8.93,LR,2021-04-23 22:48:23
351,Oksfjord,70.2396,22.3479,33.8,60,75,10.36,NO,2021-04-23 22:46:24
352,Chuncheng,22.1731,111.7886,74.75,90,2,3.0,CN,2021-04-23 22:49:18
353,Anadyr,64.75,177.4833,17.6,86,20,8.95,RU,2021-04-23 22:49:05
354,Roma,43.2128,-75.4557,59.0,29,1,21.85,US,2021-04-23 22:48:16
355,Camana,-16.6228,-72.7111,68.25,79,25,7.81,PE,2021-04-23 22:49:19
356,Mount Gambier,-37.8333,140.7667,51.8,93,75,8.05,AU,2021-04-23 22:44:22
357,Baykit,61.67,96.37,29.79,90,83,1.86,RU,2021-04-23 22:44:43
358,Arthur,39.7148,-88.4723,55.99,61,94,1.99,US,2021-04-23 22:49:20
359,Miri,4.4148,114.0089,77.0,94,20,2.3,MY,2021-04-23 22:49:20
360,Vardo,70.3705,31.1107,30.2,80,40,10.36,NO,2021-04-23 22:46:30
361,Pitimbu,-7.4706,-34.8086,80.6,83,40,6.91,BR,2021-04-23 22:49:18
362,Mon,26.75,95.1,65.82,59,82,3.85,IN,2021-04-23 22:49:21
363,Puri,19.8,85.85,78.8,94,40,8.79,IN,2021-04-23 22:49:21
364,Lebanon,36.2081,-86.2911,59.0,63,90,5.75,US,2021-04-23 22:48:23
365,Omaruru,-21.4333,15.9333,64.76,47,45,4.59,NA,2021-04-23 22:48:20
366,Acapulco,16.8634,-99.8901,86.0,58,90,10.36,MX,2021-04-23 22:48:13
367,Doha,25.2867,51.5333,82.99,44,0,2.68,QA,2021-04-23 22:44:41
368,Saint-Joseph,-21.3667,55.6167,77.0,83,75,16.11,RE,2021-04-23 22:49:05
369,Litovko,49.2361,135.1742,41.68,68,100,1.36,RU,2021-04-23 22:49:23
370,Srednekolymsk,67.45,153.6833,12.25,92,100,18.03,RU,2021-04-23 22:47:46
371,Kot Samaba,28.5522,70.4684,75.7,24,0,8.57,PK,2021-04-23 22:49:23
372,Reims,49.1667,4.0833,46.4,53,0,2.3,FR,2021-04-23 22:49:24
373,Tabou,4.423,-7.3528,80.56,84,85,8.39,CI,2021-04-23 22:49:24
374,Cap Malheureux,-19.9842,57.6142,78.01,80,99,1.99,MU,2021-04-23 22:49:25
375,Novobirilyussy,56.9514,90.6661,29.57,91,100,5.66,RU,2021-04-23 22:49:25
376,Port Macquarie,-31.4333,152.9167,61.0,70,36,1.99,AU,2021-04-23 22:47:23
377,Siuna,13.7332,-84.7773,84.04,54,15,8.59,NI,2021-04-23 22:49:25
378,Palembang,-2.9167,104.7458,75.2,88,20,2.3,ID,2021-04-23 22:49:01
379,Ferkessedougou,9.6,-5.2,83.68,46,50,4.7,CI,2021-04-23 22:49:26
380,Axim,4.8699,-2.2405,82.31,82,98,8.34,GH,2021-04-23 22:49:26
381,Alyangula,-13.8483,136.4192,69.8,94,68,16.28,AU,2021-04-23 22:49:27
382,Asau,46.4333,26.4,37.99,67,38,3.15,RO,2021-04-23 22:48:16
383,Omsukchan,62.5333,155.8,24.46,92,100,5.59,RU,2021-04-23 22:44:38
384,Sidmouth,50.6909,-3.2397,46.0,56,0,3.44,GB,2021-04-23 22:49:28
385,General Roca,-39.0333,-67.5833,64.4,59,0,6.87,AR,2021-04-23 22:45:25
386,Hervey Bay,-25.2986,152.8535,66.0,72,56,3.0,AU,2021-04-23 22:49:28
387,Maniitsoq,65.4167,-52.9,32.9,72,12,5.3,GL,2021-04-23 22:49:29
388,Baringo,0.4667,35.9667,68.99,76,44,1.16,KE,2021-04-23 22:49:29
389,Dawei,14.0833,98.2,78.04,89,97,1.54,MM,2021-04-23 22:49:29
390,Mikumi,-7.4041,36.9831,66.63,95,45,2.68,TZ,2021-04-23 22:49:30
391,Sapouy,11.5544,-1.7736,88.41,34,75,5.64,BF,2021-04-23 22:49:30
392,Cherskiy,68.75,161.3,23.49,93,100,5.1,RU,2021-04-23 22:42:11
393,Henties Bay,-22.116,14.2845,64.0,85,14,3.0,NA,2021-04-23 22:49:31
394,Teahupoo,-17.8333,-149.2667,87.8,58,75,11.5,PF,2021-04-23 22:46:06
395,Sheboygan,43.7333,-87.9334,59.0,31,40,8.05,US,2021-04-23 22:49:31
396,Poum,-20.2333,164.0167,79.47,76,95,6.15,NC,2021-04-23 22:47:14
397,Saldanha,-33.0117,17.9442,57.2,82,82,6.91,ZA,2021-04-23 22:46:23
398,Baturyn,51.3457,32.8779,37.8,85,85,6.76,UA,2021-04-23 22:49:32
399,Marawi,7.9986,124.2928,75.0,89,98,5.01,PH,2021-04-23 22:48:23
400,Gunjur,13.2019,-16.7339,69.8,88,0,11.5,GM,2021-04-23 22:49:33
401,Mao,39.8885,4.2658,53.6,87,0,3.44,ES,2021-04-23 22:49:33
402,Mae Sai,20.4335,99.8762,77.0,88,10,3.44,TH,2021-04-23 22:49:34
403,Dauphin,51.1494,-100.0502,37.4,35,1,6.91,CA,2021-04-23 22:49:34
404,Papar,5.7333,115.9333,77.0,94,20,3.44,MY,2021-04-23 22:49:34
405,Commerce,34.0006,-118.1598,66.99,55,90,4.61,US,2021-04-23 22:49:35
406,Utica,43.1009,-75.2327,59.0,29,1,21.85,US,2021-04-23 22:49:35
407,Gashua,12.871,11.0482,86.04,13,68,1.3,NG,2021-04-23 22:49:36
408,Tuktoyaktuk,69.4541,-133.0374,17.6,67,75,10.36,CA,2021-04-23 22:42:23
409,Ust-Kalmanka,52.1207,83.305,31.24,87,67,3.56,RU,2021-04-23 22:49:36
410,Cam Ranh,11.9214,109.1591,77.0,88,20,1.14,VN,2021-04-23 22:49:37
411,Kozhva,65.1073,57.0459,36.5,93,77,5.41,RU,2021-04-23 22:49:37
412,Coquimbo,-29.9533,-71.3436,62.6,67,40,9.22,CL,2021-04-23 22:46:28
413,San Lorenzo De El Escorial,40.5914,-4.1474,60.01,78,100,9.01,ES,2021-04-23 22:49:38
414,Bilma,18.6853,12.9164,88.03,10,40,9.55,NE,2021-04-23 22:49:38
415,Sao Joao Da Barra,-21.6403,-41.0511,72.03,81,2,13.09,BR,2021-04-23 22:47:36
416,Barabinsk,55.3571,78.357,32.77,77,0,4.16,RU,2021-04-23 22:49:39
417,Tibati,6.4667,12.6333,68.79,88,78,2.82,CM,2021-04-23 22:49:39
418,Los Llanos De Aridane,28.6585,-17.9182,68.0,64,20,8.05,ES,2021-04-23 22:49:40
419,San Matias,-16.3667,-58.4,80.89,48,28,5.91,BO,2021-04-23 22:49:40
420,Walvis Bay,-22.9575,14.5053,64.0,77,5,5.75,NA,2021-04-23 22:48:17
421,Manado,1.487,124.8455,77.0,88,20,1.14,ID,2021-04-23 22:49:41
422,Qasigiannguit,68.8193,-51.1922,35.6,64,90,5.75,GL,2021-04-23 22:49:41
423,Ahuimanu,21.4447,-157.8378,84.2,69,75,12.66,US,2021-04-23 22:48:59
424,Rehli,23.6333,79.0833,82.26,17,32,6.46,IN,2021-04-23 22:49:42
425,Saint-Pierre,-21.3393,55.4781,77.0,83,75,16.11,RE,2021-04-23 22:49:11
426,Ucluelet,48.9329,-125.5528,53.01,81,90,9.22,CA,2021-04-23 22:46:12
427,Gemlik,40.4309,29.1597,57.2,72,75,3.44,TR,2021-04-23 22:49:43
428,Abong Mbang,3.9833,13.1833,67.51,97,98,3.27,CM,2021-04-23 22:49:43
429,Samarkand,39.6542,66.9597,53.6,54,45,4.61,UZ,2021-04-23 22:49:44
430,Yerbogachen,61.2767,108.0108,30.6,80,79,6.26,RU,2021-04-23 22:43:11
431,Pimentel,-6.8367,-79.9342,73.4,64,0,25.32,PE,2021-04-23 22:49:45
432,Padang,-0.9492,100.3543,75.2,88,20,2.3,ID,2021-04-23 22:48:19
433,Taksimo,56.3444,114.8794,29.66,61,8,4.76,RU,2021-04-23 22:48:29
434,Stettler,52.3168,-112.7186,39.2,33,85,5.75,CA,2021-04-23 22:49:45
435,Wanaka,-44.7,169.15,46.99,99,50,4.38,NZ,2021-04-23 22:46:08
436,Ormara,25.2088,64.6357,80.6,80,0,9.46,PK,2021-04-23 22:49:46
437,Acarau,-2.8856,-40.12,79.38,81,38,11.77,BR,2021-04-23 22:49:46
438,Hammerfest,70.6634,23.6821,32.0,64,75,10.36,NO,2021-04-23 22:49:47
439,Klaksvik,62.2266,-6.589,42.8,100,20,5.75,FO,2021-04-23 22:47:30
440,Proletarskiy,50.7914,35.7731,48.2,93,75,4.47,RU,2021-04-23 22:49:47
441,Chapais,49.7834,-74.8492,50.0,32,1,19.57,CA,2021-04-23 22:48:32
442,Kabwe,-14.4469,28.4464,59.41,86,1,4.92,ZM,2021-04-23 22:49:48
443,Lashio,22.9333,97.75,67.32,56,2,1.72,MM,2021-04-23 22:46:48
444,Havelock,34.8791,-76.9013,61.0,50,34,5.99,US,2021-04-23 22:49:48
445,Ambon,-3.6954,128.1814,78.8,94,40,6.91,ID,2021-04-23 22:49:49
446,Rosehearty,57.697,-2.1132,41.0,78,99,5.99,GB,2021-04-23 22:49:49
447,Novyy Buh,47.6931,32.5216,41.0,93,0,6.71,UA,2021-04-23 22:49:49
448,Jinchang,38.4953,102.1739,41.47,71,100,1.95,CN,2021-04-23 22:47:43
449,Nizhniy Kuranakh,58.8353,125.4869,27.19,88,100,9.55,RU,2021-04-23 22:49:50
450,Eureka,40.8021,-124.1637,55.99,72,100,4.0,US,2021-04-23 22:49:50
451,Salta,-24.7859,-65.4117,66.2,82,40,8.05,AR,2021-04-23 22:48:37
452,Matadi,-5.8167,13.45,75.49,95,95,2.33,CD,2021-04-23 22:48:19
453,Cowra,-33.8333,148.6833,50.0,72,94,0.58,AU,2021-04-23 22:49:51
454,Mitchell,43.7094,-98.0298,53.6,54,90,16.11,US,2021-04-23 22:49:51
455,Noumea,-22.2763,166.4572,82.0,78,0,1.14,NC,2021-04-23 22:47:18
456,Inhambane,-23.865,35.3833,67.51,88,77,3.11,MZ,2021-04-23 22:49:15
457,Santa Ana,33.7456,-117.8678,66.99,55,90,12.66,US,2021-04-23 22:49:31
458,Puerto Princesa,9.7392,118.7353,78.8,83,40,4.61,PH,2021-04-23 22:49:53
459,Gigmoto,13.7796,124.39,79.63,83,98,4.34,PH,2021-04-23 22:49:53
460,Imbituba,-28.24,-48.6703,69.8,83,40,3.44,BR,2021-04-23 22:48:42
461,Rio Gallegos,-51.6226,-69.2181,51.8,66,75,4.61,AR,2021-04-23 22:49:21
462,Puerto Escondido,15.85,-97.0667,84.2,70,90,5.75,MX,2021-04-23 22:48:37
463,Iquitos,-3.7481,-73.2472,80.6,83,40,3.44,PE,2021-04-23 22:49:54
464,Hualmay,-11.0964,-77.6139,67.66,86,28,9.06,PE,2021-04-23 22:49:54
465,Petropavlovsk-Kamchatskiy,53.0452,158.6483,41.0,75,68,2.24,RU,2021-04-23 22:48:26
466,Fort-Shevchenko,44.5086,50.263,53.11,84,0,7.34,KZ,2021-04-23 22:49:55
467,Nioaque,-21.1353,-55.83,77.9,41,9,3.8,BR,2021-04-23 22:49:08
468,Cozumel,20.5083,-86.9458,86.0,54,40,13.8,MX,2021-04-23 22:49:55
469,Kupang,-10.1667,123.5833,77.5,84,8,6.08,ID,2021-04-23 22:49:56
470,Kita,13.0349,-9.4895,95.07,24,96,1.74,ML,2021-04-23 22:49:56
471,Lavrentiya,65.5833,-171.0,33.28,81,22,2.86,RU,2021-04-23 22:45:13
472,Riverton,40.5219,-111.9391,63.0,33,1,11.5,US,2021-04-23 22:49:57
473,Dembi Dolo,8.5333,34.8,59.36,84,97,4.72,ET,2021-04-23 22:49:57
474,Lere,10.387,8.5726,78.62,62,91,6.29,NG,2021-04-23 22:49:57
475,Sarangarh,21.6,83.0833,80.53,21,36,1.39,IN,2021-04-23 22:49:58
476,Narrabri,-30.3167,149.7833,55.0,87,23,3.04,AU,2021-04-23 22:49:58
477,Magnor,59.9511,12.1996,34.0,64,12,9.22,SE,2021-04-23 22:49:59
478,Cayenne,4.9333,-52.3333,77.0,94,75,2.3,GF,2021-04-23 22:49:59
479,Mecca,21.4267,39.8261,81.77,39,13,1.43,SA,2021-04-23 22:48:16
480,Champerico,14.3,-91.9167,86.0,79,75,6.91,GT,2021-04-23 22:46:26
481,Santiago,-33.4569,-70.6483,64.99,76,90,3.44,CL,2021-04-23 22:50:00
482,Omboue,-1.5746,9.2618,78.13,89,95,5.3,GA,2021-04-23 22:49:02
483,Dzaoudzi,-12.7887,45.2699,80.6,78,75,12.66,YT,2021-04-23 22:50:00
484,Upata,8.0086,-62.3989,84.0,70,70,3.0,VE,2021-04-23 22:50:01
485,Forestville,38.8451,-76.875,62.6,31,20,10.36,US,2021-04-23 22:50:01
486,Kysyl-Syr,63.8986,122.7617,17.73,90,56,5.32,RU,2021-04-23 22:50:01
487,Warrnambool,-38.3833,142.4833,54.0,91,100,1.99,AU,2021-04-23 22:50:02
488,San Vicente,-26.6167,-54.1333,65.46,66,84,1.1,AR,2021-04-23 22:49:15
489,Naze,28.3667,129.4833,66.2,94,75,27.63,JP,2021-04-23 22:46:33
490,Zhangye,38.9342,100.4517,39.6,80,100,4.14,CN,2021-04-23 22:50:03
491,Beloha,-25.1667,45.05,69.89,76,16,10.29,MG,2021-04-23 22:50:03
492,Mandalgovi,45.7625,106.2708,40.77,47,100,29.1,MN,2021-04-23 22:50:04
493,Tilichiki,60.4667,166.1,25.29,80,46,3.51,RU,2021-04-23 22:48:08
494,Beringovskiy,63.05,179.3167,27.75,85,99,6.08,RU,2021-04-23 22:47:25
495,Hassleholm,56.1591,13.7664,37.99,70,27,6.91,SE,2021-04-23 22:50:04
496,Cartagena,10.3997,-75.5144,86.0,74,40,14.97,CO,2021-04-23 22:49:55
497,Wattegama,6.7989,81.4808,74.48,91,6,2.71,LK,2021-04-23 22:48:02
498,Jiayuguan,39.8167,98.3,39.52,82,99,2.57,CN,2021-04-23 22:50:05
499,Boa Esperanca Do Sul,-21.9925,-48.3908,63.93,70,0,5.39,BR,2021-04-23 22:50:05
500,Takoradi,4.8845,-1.7554,81.72,84,100,8.52,GH,2021-04-23 22:50:06
501,Kovernino,57.1253,43.8142,44.96,81,64,7.38,RU,2021-04-23 22:50:06
502,Ostrovnoy,68.0531,39.5131,32.16,97,100,21.81,RU,2021-04-23 22:48:19
503,Boffa,10.1667,-14.0333,78.48,71,28,1.54,GN,2021-04-23 22:50:07
504,Blackwater,-23.5833,148.8833,71.02,25,42,10.02,AU,2021-04-23 22:46:25
505,Saint Anthony,45.0205,-93.218,48.2,87,90,3.44,US,2021-04-23 22:49:13
506,Scottsbluff,41.8666,-103.6672,55.4,35,90,6.91,US,2021-04-23 22:48:14
507,Duekoue,6.7472,-7.3496,74.44,93,35,4.68,CI,2021-04-23 22:50:08
508,Mabaruma,8.2,-59.7833,73.87,94,100,4.18,GY,2021-04-23 22:47:47
509,Leningradskiy,69.3833,178.4167,28.9,85,99,3.65,RU,2021-04-23 22:46:37
510,Verkhnyaya Inta,65.9811,60.3094,33.51,93,88,7.9,RU,2021-04-23 22:46:57
511,Rolla,37.9514,-91.7713,61.0,55,75,9.22,US,2021-04-23 22:50:09
512,Olean,42.0776,-78.4297,55.4,35,40,8.05,US,2021-04-23 22:45:31
513,Labuhan,-6.8844,112.2051,75.51,84,16,5.73,ID,2021-04-23 22:47:52
514,Monterey,36.2505,-121.2516,64.0,55,40,13.8,US,2021-04-23 22:50:09
515,Karpathos,35.507,27.2132,59.0,94,40,6.91,GR,2021-04-23 22:50:10
516,Marzuq,14.4,46.4667,68.47,64,7,6.22,YE,2021-04-23 22:50:10
517,La Ronge,55.1001,-105.2842,30.2,37,100,9.22,CA,2021-04-23 22:46:21
518,Erenhot,43.6475,111.9767,47.98,38,30,21.36,CN,2021-04-23 22:46:06
519,Bundaberg,-24.85,152.35,66.2,59,63,8.05,AU,2021-04-23 22:50:11
520,Talara,-4.5772,-81.2719,70.83,78,20,12.55,PE,2021-04-23 22:48:45
521,Vuktyl,63.8567,57.3094,38.21,92,85,4.61,RU,2021-04-23 22:50:11
522,Colares,38.7992,-9.4469,62.01,90,54,16.73,PT,2021-04-23 22:50:12
523,Bilibino,68.0546,166.4372,22.12,82,99,3.53,RU,2021-04-23 22:48:08
524,Bathsheba,13.2167,-59.5167,80.6,61,40,16.11,BB,2021-04-23 22:46:07
525,Nsanje,-16.92,35.262,66.29,92,0,2.04,MW,2021-04-23 22:50:13
526,Hope,33.6671,-93.5916,66.0,64,100,5.01,US,2021-04-23 22:47:57
527,Olinda,-8.0089,-34.8553,80.6,69,40,8.05,BR,2021-04-23 22:46:26
528,Banda Aceh,5.5577,95.3222,80.31,75,100,12.44,ID,2021-04-23 22:50:13
529,Palmer,42.1584,-72.3287,60.8,21,20,18.41,US,2021-04-23 22:47:13
530,Neyshabur,36.2133,58.7958,66.47,17,76,1.86,IR,2021-04-23 22:50:14
531,Pali,25.7667,73.3333,79.39,38,4,8.32,IN,2021-04-23 22:45:36
532,Goderich,43.7501,-81.7165,59.0,33,44,9.22,CA,2021-04-23 22:48:33
533,Elizabeth City,36.2946,-76.2511,61.0,33,1,10.36,US,2021-04-23 22:50:15
534,Saint George,37.1041,-113.5841,82.0,8,1,13.8,US,2021-04-23 22:46:00
535,New Amsterdam,6.25,-57.5167,75.88,89,100,5.64,GY,2021-04-23 22:50:15
536,San Francisco,37.7749,-122.4194,61.0,78,59,4.0,US,2021-04-23 22:49:04
537,Jawhar,2.7809,45.5005,79.68,79,75,5.73,SO,2021-04-23 22:50:16
538,Faya,18.3851,42.4509,64.4,67,20,4.61,SA,2021-04-23 22:46:57
539,Qaqortoq,60.7167,-46.0333,44.6,53,3,6.91,GL,2021-04-23 22:46:04
540,Neustadt,49.7117,12.0872,39.0,80,1,2.62,DE,2021-04-23 22:50:17
541,Naliya,23.2667,68.8333,79.38,75,82,8.9,IN,2021-04-23 22:50:17
542,Arkhonskaya,43.11,44.5125,48.2,81,52,4.47,RU,2021-04-23 22:50:17
543,Karratha,-20.7377,116.8463,74.17,28,0,12.41,AU,2021-04-23 22:48:04
544,Georgiyevka,43.0369,74.7114,33.8,44,0,8.95,KZ,2021-04-23 22:50:18
545,Senanga,-16.1167,23.2667,68.49,44,61,2.91,ZM,2021-04-23 22:50:18
546,Atar,20.5169,-13.0499,80.76,12,0,4.81,MR,2021-04-23 22:50:19
547,Port Hueneme,34.1478,-119.1951,66.2,63,75,10.36,US,2021-04-23 22:47:49
548,Nyurba,63.2842,118.3319,31.08,91,100,7.36,RU,2021-04-23 22:50:19
549,Sakakah,29.9697,40.2064,77.0,11,0,10.36,SA,2021-04-23 22:47:57
550,Port Hardy,50.6996,-127.4199,51.8,76,90,9.22,CA,2021-04-23 22:49:07
551,Zholymbet,51.7433,71.7122,31.93,58,92,8.41,KZ,2021-04-23 22:50:20
552,Barinas,8.6226,-70.2075,87.8,51,38,8.05,VE,2021-04-23 22:50:21
553,Tarakan,3.3,117.6333,78.39,84,95,5.14,ID,2021-04-23 22:46:04
554,Escada,-8.3592,-35.2236,80.6,69,40,8.05,BR,2021-04-23 22:50:21
555,Kirksville,40.1948,-92.5833,57.2,62,90,6.91,US,2021-04-23 22:49:58
556,Rockport,28.0206,-97.0544,80.6,78,90,20.71,US,2021-04-23 22:50:22
557,Nanortalik,60.1432,-45.2371,36.3,87,14,3.62,GL,2021-04-23 22:47:37
558,Grindavik,63.8424,-22.4338,44.6,93,75,11.5,IS,2021-04-23 22:48:07
559,Antofagasta,-23.65,-70.4,64.4,68,20,11.5,CL,2021-04-23 22:50:23
560,Kutum,14.2,24.6667,78.6,18,68,9.35,SD,2021-04-23 22:45:30
561,Vanimo,-2.6741,141.3028,80.35,83,100,3.58,PG,2021-04-23 22:46:30
562,Kenora,49.8167,-94.4337,32.0,59,90,11.5,CA,2021-04-23 22:50:23
563,Teluknaga,-6.0989,106.6381,77.0,78,20,5.75,ID,2021-04-23 22:50:24
564,Abu Dhabi,24.4667,54.3667,80.6,61,0,2.3,AE,2021-04-23 22:48:33
565,Sosnovo-Ozerskoye,52.5249,111.5418,30.74,31,100,3.98,RU,2021-04-23 22:50:24
566,Greeneville,36.1632,-82.831,53.6,47,75,4.61,US,2021-04-23 22:50:25
567,La Roche-En-Ardenne,50.1836,5.5755,39.99,79,12,1.99,BE,2021-04-23 22:50:25
568,Phitsanulok,16.9167,100.5,89.01,56,85,6.73,TH,2021-04-23 22:50:25
569,Vao,-22.6667,167.4833,75.67,76,84,13.73,NC,2021-04-23 22:47:28
570,Huarmey,-10.0681,-78.1522,69.24,82,8,9.37,PE,2021-04-23 22:47:33
571,Skovorodino,53.9833,123.9167,37.11,40,35,10.31,RU,2021-04-23 22:50:26
572,Araouane,18.9048,-3.5265,88.56,10,0,5.95,ML,2021-04-23 22:50:27
573,Kozhevnikovo,56.2589,83.9714,21.99,81,11,5.19,RU,2021-04-23 22:50:27
